{
  "model": "CatBoost",
  "condition": "SMOTE",
  "PR-AUC": 0.8372496481381192,
  "ROC-AUC": 0.9787046501211626,
  "F1": 0.8324873096446701,
  "Recall": 0.8367346938775511,
  "Precision": 0.8282828282828283,
  "Threshold": 0.9341296350864033,
  "CIES_mean": 0.9763003502738443,
  "CIES_std": 0.01974820663445517,
  "Baseline_mean": 0.9554487450083883,
  "Wilcoxon_p": 1.4146791640488984e-17
}