{
  "model": "CatBoost",
  "condition": "SMOTE-ENN",
  "PR-AUC": 0.8282107156313888,
  "ROC-AUC": 0.9825927310991927,
  "F1": 0.8315789473684211,
  "Recall": 0.8061224489795918,
  "Precision": 0.8586956521739131,
  "Threshold": 0.9829251573486985,
  "CIES_mean": 0.9773173146317727,
  "CIES_std": 0.020384877633451464,
  "Baseline_mean": 0.9590421341954111,
  "Wilcoxon_p": 5.269204481546394e-18
}