{
  "model": "CatBoost",
  "condition": "Class-weighting",
  "PR-AUC": 0.6990691820694566,
  "ROC-AUC": 0.9767483175037038,
  "F1": 0.7894736842105263,
  "Recall": 0.7653061224489796,
  "Precision": 0.8152173913043478,
  "Threshold": 0.9488712157567547,
  "CIES_mean": 0.9791742281456325,
  "CIES_std": 0.0198648593905698,
  "Baseline_mean": 0.9659106343866456,
  "Wilcoxon_p": 5.4806577777207495e-15
}