{
  "model": "LR",
  "condition": "Class-weighting",
  "PR-AUC": 0.7089186417669016,
  "ROC-AUC": 0.9741183403580904,
  "F1": 0.7383177570093458,
  "Recall": 0.8061224489795918,
  "Precision": 0.6810344827586207,
  "Threshold": 0.9953610568024204,
  "CIES_mean": 0.9769439918072054,
  "CIES_std": 0.0030842581652867876,
  "Baseline_mean": 0.976900319980184,
  "Wilcoxon_p": 0.7180814247397251
}