{
  "model": "LR",
  "condition": "SMOTE-ENN",
  "PR-AUC": 0.7233634174640282,
  "ROC-AUC": 0.9744757990421831,
  "F1": 0.7649769585253456,
  "Recall": 0.8469387755102041,
  "Precision": 0.6974789915966386,
  "Threshold": 0.9967290160368086,
  "CIES_mean": 0.9929870462467056,
  "CIES_std": 0.00412321329996563,
  "Baseline_mean": 0.989667537403566,
  "Wilcoxon_p": 7.333806979251821e-18
}