{
  "model": "LR",
  "condition": "SMOTE",
  "PR-AUC": 0.7222061819027399,
  "ROC-AUC": 0.974291506839089,
  "F1": 0.7592592592592593,
  "Recall": 0.8367346938775511,
  "Precision": 0.6949152542372882,
  "Threshold": 0.9967880179231202,
  "CIES_mean": 0.9923413358784995,
  "CIES_std": 0.00422487025303744,
  "Baseline_mean": 0.9887675951897319,
  "Wilcoxon_p": 1.219062650217942e-17
}