{
  "model": "RF",
  "condition": "Class-weighting",
  "PR-AUC": 0.8438320438915415,
  "ROC-AUC": 0.9632827842729663,
  "F1": 0.8306010928961749,
  "Recall": 0.7755102040816326,
  "Precision": 0.8941176470588236,
  "Threshold": 0.8750391926413295,
  "CIES_mean": 0.986025893222596,
  "CIES_std": 0.011810689057464317,
  "Baseline_mean": 0.9762338239545995,
  "Wilcoxon_p": 2.8782421504419467e-17
}