{
  "model": "RF",
  "condition": "C2",
  "PR-AUC": 0.8604070735202833,
  "ROC-AUC": 0.9798229646388662,
  "F1": 0.8404255319148937,
  "Recall": 0.8061224489795918,
  "Precision": 0.8777777777777778,
  "Threshold": 0.7470833333333334
}