{
  "model": "RF",
  "condition": "C0",
  "PR-AUC": 0.8647820331630135,
  "ROC-AUC": 0.961403344750956,
  "F1": 0.8709677419354839,
  "Recall": 0.826530612244898,
  "Precision": 0.9204545454545454,
  "Threshold": 0.40468123461525685
}