{
  "model": "RF",
  "condition": "C1",
  "PR-AUC": 0.872689284195017,
  "ROC-AUC": 0.9757032174152722,
  "F1": 0.8633879781420765,
  "Recall": 0.8061224489795918,
  "Precision": 0.9294117647058824,
  "Threshold": 0.6607321428571429
}