{
  "model": "RF",
  "condition": "SMOTE",
  "PR-AUC": 0.860140658598921,
  "ROC-AUC": 0.9748733641599577,
  "F1": 0.8571428571428571,
  "Recall": 0.7959183673469388,
  "Precision": 0.9285714285714286,
  "Threshold": 0.8137557644900355,
  "CIES_mean": 0.9860769864408051,
  "CIES_std": 0.01346475037003567,
  "Baseline_mean": 0.9765182516819273,
  "Wilcoxon_p": 5.112831740936499e-18
}