{
  "model": "RF",
  "condition": "SMOTE-ENN",
  "PR-AUC": 0.8517446821599209,
  "ROC-AUC": 0.9785531967429627,
  "F1": 0.8387096774193549,
  "Recall": 0.7959183673469388,
  "Precision": 0.8863636363636364,
  "Threshold": 0.8484887670086124,
  "CIES_mean": 0.9859800479532224,
  "CIES_std": 0.013273401378109827,
  "Baseline_mean": 0.9760594783614198,
  "Wilcoxon_p": 4.139373908714419e-18
}