Model,Condition,PR-AUC,F1,Recall,ROC-AUC
RF,C0,0.8647820331630135,0.8709677419354839,0.826530612244898,0.961403344750956
RF,C1,0.872689284195017,0.8633879781420765,0.8061224489795918,0.9757032174152722
RF,C2,0.8604070735202833,0.8404255319148937,0.8061224489795918,0.9798229646388662
