{
  "model": "XGB",
  "condition": "Class-weighting",
  "PR-AUC": 0.8773473472347741,
  "ROC-AUC": 0.9826666633169868,
  "F1": 0.8663101604278075,
  "Recall": 0.826530612244898,
  "Precision": 0.9101123595505618,
  "Threshold": 0.5656486749649048,
  "CIES_mean": 0.975910635571056,
  "CIES_std": 0.01449813710382013,
  "Baseline_mean": 0.9525995654112555,
  "Wilcoxon_p": 4.531861061109545e-18
}