{
  "model": "XGB",
  "condition": "SMOTE-ENN",
  "PR-AUC": 0.8587981595070998,
  "ROC-AUC": 0.9812202297210386,
  "F1": 0.8461538461538461,
  "Recall": 0.7857142857142857,
  "Precision": 0.9166666666666666,
  "Threshold": 0.9998762607574463,
  "CIES_mean": 0.9579847382446139,
  "CIES_std": 0.05558692833836814,
  "Baseline_mean": 0.93846788228464,
  "Wilcoxon_p": 6.818288606892979e-15
}