{
  "model": "XGB",
  "condition": "SMOTE",
  "PR-AUC": 0.8665077218114031,
  "ROC-AUC": 0.9786716318491382,
  "F1": 0.8666666666666667,
  "Recall": 0.7959183673469388,
  "Precision": 0.9512195121951219,
  "Threshold": 0.9974516034126282,
  "CIES_mean": 0.9544111144897107,
  "CIES_std": 0.06997942706234905,
  "Baseline_mean": 0.9376673235486976,
  "Wilcoxon_p": 3.4412810293497968e-15
}